<CMsRemoveVultures>

	<csv xpath="/entitygroups/entitygroup[@name='EnemyAnimalsBurntForestNight']/text()" delim="\n" op="remove">
		animalZombieVulture, 10
	</csv>

	<csv xpath="/entitygroups/entitygroup[@name='EnemyAnimalsDesert']/text()" delim="\n" op="remove">
		animalZombieVulture, 20
	</csv>

	<csv xpath="/entitygroups/entitygroup[@name='EnemyAnimalsWasteland']/text()" delim="\n" op="remove">
		animalZombieVulture, 5
	</csv>

	<csv xpath="/entitygroups/entitygroup[@name='ZombiesWastelandNightNoBears']/text()" delim="\n" op="remove">
		animalZombieVulture, .6
		animalZombieVultureRadiated, .4
	</csv>

	<csv xpath="/entitygroups/entitygroup[@name='ZombiesWastelandNight2']/text()" delim="\n" op="remove">
		animalZombieVulture, .6
		animalZombieVultureRadiated, .4
	</csv>

	<csv xpath="/entitygroups/entitygroup[@name='feralHordeStageGS44']/text()" delim="\n" op="remove">
		animalZombieVulture, .12
	</csv>

	<csv xpath="/entitygroups/entitygroup[@name='feralHordeStageGS49']/text()" delim="\n" op="remove">
		animalZombieVulture, .13
	</csv>

	<csv xpath="/entitygroups/entitygroup[@name='feralHordeStageGS59']/text()" delim="\n" op="remove">
		animalZombieVulture, .16
	</csv>

	<csv xpath="/entitygroups/entitygroup[@name='feralHordeStageGS74']/text()" delim="\n" op="remove">
		animalZombieVulture, .2
	</csv>

	<csv xpath="/entitygroups/entitygroup[@name='feralHordeStageGS2117']/text()" delim="\n" op="remove">
		animalZombieVulture, .3
		animalZombieVultureRadiated, .3
	</csv>

	<csv xpath="/entitygroups/entitygroup[@name='feralHordeStageGS2132']/text()" delim="\n" op="remove">
		animalZombieVulture, .3
	</csv>

	<csv xpath="/entitygroups/entitygroup[@name='feralHordeStageGS1670']/text()" delim="\n" op="remove">
		animalZombieVultureRadiated, .3
	</csv>

	<csv xpath="/entitygroups/entitygroup[@name='feralHordeStageGS1684']/text()" delim="\n" op="remove">
		animalZombieVulture, .3
	</csv>

	<csv xpath="/entitygroups/entitygroup[@name='feralHordeStageGS1698']/text()" delim="\n" op="remove">
		animalZombieVultureRadiated, .3
	</csv>

	<csv xpath="/entitygroups/entitygroup[@name='feralHordeStageGS2660']/text()" delim="\n" op="remove">
		animalZombieVultureRadiated, .3
	</csv>

	<csv xpath="/entitygroups/entitygroup[@name='feralHordeStageGS2692']/text()" delim="\n" op="remove">
		animalZombieVultureRadiated, .3
	</csv>

	<csv xpath="/entitygroups/entitygroup[@name='VultureGroup']/text()" delim="\n" op="remove">
		animalZombieVulture
	</csv>

	<csv xpath="/entitygroups/entitygroup[@name='VultureGroup']/text()" delim="\n" op="add">
		zombiePartyGirl
	</csv>

</CMsRemoveVultures>