<CMsRemoveVultures>

	<csv xpath="/entitygroups/entitygroup[@name='animalZombieVulture']/text()" delim="\n" op="remove">
	animalZombieVulture
	</csv>

	<csv xpath="/entitygroups/entitygroup[@name='animalZombieVulture']/text()" delim="\n" op="add">
	zombiePartyGirl
	</csv>

	<csv xpath="/entitygroups/entitygroup[@name='animalZombieVultureRadiated']/text()" delim="\n" op="remove">
	animalZombieVultureRadiated
	</csv>

	<csv xpath="/entitygroups/entitygroup[@name='animalZombieVultureRadiated']/text()" delim="\n" op="add">
	zombiePartyGirl
	</csv>

	<csv xpath="/entitygroups/entitygroup[@name='EnemyAnimalsBurntForestNight']/text()" delim="\n" op="remove">
	animalZombieVulture, 10
	</csv>

	<csv xpath="/entitygroups/entitygroup[@name='EnemyAnimalsDesert']/text()" delim="\n" op="remove">
	animalZombieVulture, 20
	</csv>

	<csv xpath="/entitygroups/entitygroup[@name='EnemyAnimalsWasteland']/text()" delim="\n" op="remove">
	animalZombieVulture, 5
	</csv>

	<csv xpath="/entitygroups/entitygroup[@name='feralHordeStageGS1010']/text()" delim="\n" op="remove">
	animalZombieVulture, .3
	</csv>

	<csv xpath="/entitygroups/entitygroup[@name='feralHordeStageGS1022']/text()" delim="\n" op="remove">
	animalZombieVulture, .3
	</csv>

	<csv xpath="/entitygroups/entitygroup[@name='feralHordeStageGS103']/text()" delim="\n" op="remove">
	animalZombieVulture, .29
	</csv>

	<csv xpath="/entitygroups/entitygroup[@name='feralHordeStageGS1034']/text()" delim="\n" op="remove">
	animalZombieVulture, .3
	</csv>

	<csv xpath="/entitygroups/entitygroup[@name='feralHordeStageGS1082']/text()" delim="\n" op="remove">
	animalZombieVulture, .3
	</csv>

	<csv xpath="/entitygroups/entitygroup[@name='feralHordeStageGS1094']/text()" delim="\n" op="remove">
	animalZombieVulture, .3
	</csv>

	<csv xpath="/entitygroups/entitygroup[@name='feralHordeStageGS1119']/text()" delim="\n" op="remove">
	animalZombieVultureRadiated, .3
	</csv>

	<csv xpath="/entitygroups/entitygroup[@name='feralHordeStageGS1143']/text()" delim="\n" op="remove">
	animalZombieVulture, .3
	</csv>

	<csv xpath="/entitygroups/entitygroup[@name='feralHordeStageGS1181']/text()" delim="\n" op="remove">
	animalZombieVultureRadiated, .3
	</csv>

	<csv xpath="/entitygroups/entitygroup[@name='feralHordeStageGS1206']/text()" delim="\n" op="remove">
	animalZombieVulture, .3
	</csv>

	<csv xpath="/entitygroups/entitygroup[@name='feralHordeStageGS121']/text()" delim="\n" op="remove">
	animalZombieVulture, .3
	</csv>

	<csv xpath="/entitygroups/entitygroup[@name='feralHordeStageGS1244']/text()" delim="\n" op="remove">
	animalZombieVultureRadiated, .3
	</csv>

	<csv xpath="/entitygroups/entitygroup[@name='feralHordeStageGS127']/text()" delim="\n" op="remove">
	animalZombieVulture, .3
	</csv>

	<csv xpath="/entitygroups/entitygroup[@name='feralHordeStageGS1282']/text()" delim="\n" op="remove">
	animalZombieVulture, .3
	</csv>

	<csv xpath="/entitygroups/entitygroup[@name='feralHordeStageGS1308']/text()" delim="\n" op="remove">
	animalZombieVultureRadiated, .3
	</csv>

	<csv xpath="/entitygroups/entitygroup[@name='feralHordeStageGS133']/text()" delim="\n" op="remove">
	animalZombieVultureRadiated, .16
	</csv>

	<csv xpath="/entitygroups/entitygroup[@name='feralHordeStageGS1334']/text()" delim="\n" op="remove">
	animalZombieVulture, .3
	</csv>

	<csv xpath="/entitygroups/entitygroup[@name='feralHordeStageGS1360']/text()" delim="\n" op="remove">
	animalZombieVulture, .3
	animalZombieVultureRadiated, .3
	</csv>

	<csv xpath="/entitygroups/entitygroup[@name='feralHordeStageGS1373']/text()" delim="\n" op="remove">
	animalZombieVulture, .3
	animalZombieVultureRadiated, .3
	</csv>

	<csv xpath="/entitygroups/entitygroup[@name='feralHordeStageGS1386']/text()" delim="\n" op="remove">
	animalZombieVulture, .3
	</csv>

	<csv xpath="/entitygroups/entitygroup[@name='feralHordeStageGS140']/text()" delim="\n" op="remove">
	animalZombieVulture, .3
	</csv>

	<csv xpath="/entitygroups/entitygroup[@name='feralHordeStageGS1412']/text()" delim="\n" op="remove">
	animalZombieVulture, .3
	</csv>

	<csv xpath="/entitygroups/entitygroup[@name='feralHordeStageGS1452']/text()" delim="\n" op="remove">
	animalZombieVultureRadiated, .3
	</csv>

	<csv xpath="/entitygroups/entitygroup[@name='feralHordeStageGS1519']/text()" delim="\n" op="remove">
	animalZombieVulture, .3
	</csv>

	<csv xpath="/entitygroups/entitygroup[@name='feralHordeStageGS1533']/text()" delim="\n" op="remove">
	animalZombieVulture, .3
	</csv>

	<csv xpath="/entitygroups/entitygroup[@name='feralHordeStageGS1587']/text()" delim="\n" op="remove">
	animalZombieVulture, .3
	</csv>

	<csv xpath="/entitygroups/entitygroup[@name='feralHordeStageGS160']/text()" delim="\n" op="remove">
	animalZombieVulture, .3
	</csv>

	<csv xpath="/entitygroups/entitygroup[@name='feralHordeStageGS1670']/text()" delim="\n" op="remove">
	animalZombieVultureRadiated, .3
	</csv>

	<csv xpath="/entitygroups/entitygroup[@name='feralHordeStageGS1684']/text()" delim="\n" op="remove">
	animalZombieVulture, .3
	</csv>

	<csv xpath="/entitygroups/entitygroup[@name='feralHordeStageGS1698']/text()" delim="\n" op="remove">
	animalZombieVultureRadiated, .3
	</csv>

	<csv xpath="/entitygroups/entitygroup[@name='feralHordeStageGS1726']/text()" delim="\n" op="remove">
	animalZombieVulture, .3
	</csv>

	<csv xpath="/entitygroups/entitygroup[@name='feralHordeStageGS1768']/text()" delim="\n" op="remove">
	animalZombieVulture, .3
	</csv>

	<csv xpath="/entitygroups/entitygroup[@name='feralHordeStageGS181']/text()" delim="\n" op="remove">
	animalZombieVulture, .3
	animalZombieVultureRadiated, .29
	</csv>

	<csv xpath="/entitygroups/entitygroup[@name='feralHordeStageGS1811']/text()" delim="\n" op="remove">
	animalZombieVulture, .3
	</csv>

	<csv xpath="/entitygroups/entitygroup[@name='feralHordeStageGS1882']/text()" delim="\n" op="remove">
	animalZombieVulture, .3
	</csv>

	<csv xpath="/entitygroups/entitygroup[@name='feralHordeStageGS1911']/text()" delim="\n" op="remove">
	animalZombieVultureRadiated, .3
	</csv>

	<csv xpath="/entitygroups/entitygroup[@name='feralHordeStageGS195']/text()" delim="\n" op="remove">
	animalZombieVulture, .3
	</csv>

	<csv xpath="/entitygroups/entitygroup[@name='feralHordeStageGS2058']/text()" delim="\n" op="remove">
	animalZombieVultureRadiated, .3
	</csv>

	<csv xpath="/entitygroups/entitygroup[@name='feralHordeStageGS2087']/text()" delim="\n" op="remove">
	animalZombieVulture, .3
	</csv>

	<csv xpath="/entitygroups/entitygroup[@name='feralHordeStageGS2117']/text()" delim="\n" op="remove">
	animalZombieVulture, .3
	animalZombieVultureRadiated, .3
	</csv>

	<csv xpath="/entitygroups/entitygroup[@name='feralHordeStageGS2132']/text()" delim="\n" op="remove">
	animalZombieVulture, .3
	</csv>

	<csv xpath="/entitygroups/entitygroup[@name='feralHordeStageGS2162']/text()" delim="\n" op="remove">
	animalZombieVultureRadiated, .3
	</csv>

	<csv xpath="/entitygroups/entitygroup[@name='feralHordeStageGS217']/text()" delim="\n" op="remove">
	animalZombieVultureRadiated, .3
	</csv>

	<csv xpath="/entitygroups/entitygroup[@name='feralHordeStageGS2223']/text()" delim="\n" op="remove">
	animalZombieVultureRadiated, .3
	</csv>

	<csv xpath="/entitygroups/entitygroup[@name='feralHordeStageGS2268']/text()" delim="\n" op="remove">
	animalZombieVultureRadiated, .3
	</csv>

	<csv xpath="/entitygroups/entitygroup[@name='feralHordeStageGS232']/text()" delim="\n" op="remove">
	animalZombieVulture, .3
	animalZombieVultureRadiated, .3
	</csv>

	<csv xpath="/entitygroups/entitygroup[@name='feralHordeStageGS2376']/text()" delim="\n" op="remove">
	animalZombieVulture, .3
	</csv>

	<csv xpath="/entitygroups/entitygroup[@name='feralHordeStageGS2407']/text()" delim="\n" op="remove">
	animalZombieVulture, .3
	</csv>

	<csv xpath="/entitygroups/entitygroup[@name='feralHordeStageGS2469']/text()" delim="\n" op="remove">
	animalZombieVultureRadiated, .3
	</csv>

	<csv xpath="/entitygroups/entitygroup[@name='feralHordeStageGS2564']/text()" delim="\n" op="remove">
	animalZombieVultureRadiated, .3
	</csv>

	<csv xpath="/entitygroups/entitygroup[@name='feralHordeStageGS2660']/text()" delim="\n" op="remove">
	animalZombieVultureRadiated, .3
	</csv>

	<csv xpath="/entitygroups/entitygroup[@name='feralHordeStageGS2692']/text()" delim="\n" op="remove">
	animalZombieVultureRadiated, .3
	</csv>

	<csv xpath="/entitygroups/entitygroup[@name='feralHordeStageGS271']/text()" delim="\n" op="remove">
	animalZombieVulture, .3
	</csv>

	<csv xpath="/entitygroups/entitygroup[@name='feralHordeStageGS2756']/text()" delim="\n" op="remove">
	animalZombieVulture, .3
	</csv>

	<csv xpath="/entitygroups/entitygroup[@name='feralHordeStageGS2789']/text()" delim="\n" op="remove">
	animalZombieVulture, .3
	</csv>

	<csv xpath="/entitygroups/entitygroup[@name='feralHordeStageGS2821']/text()" delim="\n" op="remove">
	animalZombieVulture, .3
	</csv>

	<csv xpath="/entitygroups/entitygroup[@name='feralHordeStageGS2854']/text()" delim="\n" op="remove">
	animalZombieVultureRadiated, .3
	</csv>

	<csv xpath="/entitygroups/entitygroup[@name='feralHordeStageGS2870']/text()" delim="\n" op="remove">
	animalZombieVultureRadiated, .3
	</csv>

	<csv xpath="/entitygroups/entitygroup[@name='feralHordeStageGS3019']/text()" delim="\n" op="remove">
	animalZombieVulture, .3
	animalZombieVultureRadiated, .3
	</csv>

	<csv xpath="/entitygroups/entitygroup[@name='feralHordeStageGS304']/text()" delim="\n" op="remove">
	animalZombieVultureRadiated, .3
	</csv>

	<csv xpath="/entitygroups/entitygroup[@name='feralHordeStageGS3136']/text()" delim="\n" op="remove">
	animalZombieVultureRadiated, .3
	</csv>

	<csv xpath="/entitygroups/entitygroup[@name='feralHordeStageGS3153']/text()" delim="\n" op="remove">
	animalZombieVulture, .3
	</csv>

	<csv xpath="/entitygroups/entitygroup[@name='feralHordeStageGS320']/text()" delim="\n" op="remove">
	animalZombieVulture, .3
	animalZombieVultureRadiated, .3
	</csv>

	<csv xpath="/entitygroups/entitygroup[@name='feralHordeStageGS3238']/text()" delim="\n" op="remove">
	animalZombieVultureRadiated, .3
	</csv>

	<csv xpath="/entitygroups/entitygroup[@name='feralHordeStageGS337']/text()" delim="\n" op="remove">
	animalZombieVulture, .3
	</csv>

	<csv xpath="/entitygroups/entitygroup[@name='feralHordeStageGS3392']/text()" delim="\n" op="remove">
	animalZombieVultureRadiated, .3
	</csv>

	<csv xpath="/entitygroups/entitygroup[@name='feralHordeStageGS3427']/text()" delim="\n" op="remove">
	animalZombieVulture, .3
	</csv>

	<csv xpath="/entitygroups/entitygroup[@name='feralHordeStageGS3496']/text()" delim="\n" op="remove">
	animalZombieVultureRadiated, .3
	</csv>

	<csv xpath="/entitygroups/entitygroup[@name='feralHordeStageGS3549']/text()" delim="\n" op="remove">
	animalZombieVulture, .3
	</csv>

	<csv xpath="/entitygroups/entitygroup[@name='feralHordeStageGS3601']/text()" delim="\n" op="remove">
	animalZombieVultureRadiated, .3
	</csv>

	<csv xpath="/entitygroups/entitygroup[@name='feralHordeStageGS3637']/text()" delim="\n" op="remove">
	animalZombieVultureRadiated, .3
	</csv>

	<csv xpath="/entitygroups/entitygroup[@name='feralHordeStageGS3690']/text()" delim="\n" op="remove">
	animalZombieVulture, .3
	</csv>

	<csv xpath="/entitygroups/entitygroup[@name='feralHordeStageGS3707']/text()" delim="\n" op="remove">
	animalZombieVultureRadiated, .3
	</csv>

	<csv xpath="/entitygroups/entitygroup[@name='feralHordeStageGS3725']/text()" delim="\n" op="remove">
	animalZombieVulture, .3
	</csv>

	<csv xpath="/entitygroups/entitygroup[@name='feralHordeStageGS3814']/text()" delim="\n" op="remove">
	animalZombieVulture, .3
	animalZombieVultureRadiated, .3
	</csv>

	<csv xpath="/entitygroups/entitygroup[@name='feralHordeStageGS3868']/text()" delim="\n" op="remove">
	animalZombieVultureRadiated, .3
	animalZombieVulture, .3
	</csv>

	<csv xpath="/entitygroups/entitygroup[@name='feralHordeStageGS3922']/text()" delim="\n" op="remove">
	animalZombieVulture, .3
	</csv>

	<csv xpath="/entitygroups/entitygroup[@name='feralHordeStageGS3976']/text()" delim="\n" op="remove">
	animalZombieVulture, .3
	</csv>

	<csv xpath="/entitygroups/entitygroup[@name='feralHordeStageGS398']/text()" delim="\n" op="remove">
	animalZombieVultureRadiated, .3
	</csv>

	<csv xpath="/entitygroups/entitygroup[@name='feralHordeStageGS4031']/text()" delim="\n" op="remove">
	animalZombieVulture, .3
	</csv>

	<csv xpath="/entitygroups/entitygroup[@name='feralHordeStageGS4086']/text()" delim="\n" op="remove">
	animalZombieVulture, .3
	animalZombieVultureRadiated, .3
	</csv>

	<csv xpath="/entitygroups/entitygroup[@name='feralHordeStageGS435']/text()" delim="\n" op="remove">
	animalZombieVulture, .3
	</csv>

	<csv xpath="/entitygroups/entitygroup[@name='feralHordeStageGS44']/text()" delim="\n" op="remove">
	animalZombieVulture, .12
	</csv>

	<csv xpath="/entitygroups/entitygroup[@name='feralHordeStageGS444']/text()" delim="\n" op="remove">
	animalZombieVultureRadiated, .3
	animalZombieVulture, .3
	</csv>

	<csv xpath="/entitygroups/entitygroup[@name='feralHordeStageGS453']/text()" delim="\n" op="remove">
	animalZombieVulture, .3
	</csv>

	<csv xpath="/entitygroups/entitygroup[@name='feralHordeStageGS463']/text()" delim="\n" op="remove">
	animalZombieVulture, .3
	</csv>

	<csv xpath="/entitygroups/entitygroup[@name='feralHordeStageGS482']/text()" delim="\n" op="remove">
	animalZombieVultureRadiated, .3
	</csv>

	<csv xpath="/entitygroups/entitygroup[@name='feralHordeStageGS49']/text()" delim="\n" op="remove">
	animalZombieVulture, .13
	</csv>

	<csv xpath="/entitygroups/entitygroup[@name='feralHordeStageGS491']/text()" delim="\n" op="remove">
	animalZombieVulture, .3
	animalZombieVultureRadiated, .3
	</csv>

	<csv xpath="/entitygroups/entitygroup[@name='feralHordeStageGS501']/text()" delim="\n" op="remove">
	animalZombieVulture, .3
	</csv>

	<csv xpath="/entitygroups/entitygroup[@name='feralHordeStageGS510']/text()" delim="\n" op="remove">
	animalZombieVulture, .3
	</csv>

	<csv xpath="/entitygroups/entitygroup[@name='feralHordeStageGS570']/text()" delim="\n" op="remove">
	animalZombieVulture, .3
	</csv>

	<csv xpath="/entitygroups/entitygroup[@name='feralHordeStageGS59']/text()" delim="\n" op="remove">
	animalZombieVulture, .16
	</csv>

	<csv xpath="/entitygroups/entitygroup[@name='feralHordeStageGS590']/text()" delim="\n" op="remove">
	animalZombieVulture, .3
	</csv>

	<csv xpath="/entitygroups/entitygroup[@name='feralHordeStageGS683']/text()" delim="\n" op="remove">
	animalZombieVulture, .3
	animalZombieVultureRadiated, .3
	</csv>

	<csv xpath="/entitygroups/entitygroup[@name='feralHordeStageGS726']/text()" delim="\n" op="remove">
	animalZombieVulture, .3
	</csv>

	<csv xpath="/entitygroups/entitygroup[@name='feralHordeStageGS736']/text()" delim="\n" op="remove">
	animalZombieVultureRadiated, .3
	</csv>

	<csv xpath="/entitygroups/entitygroup[@name='feralHordeStageGS74']/text()" delim="\n" op="remove">
	animalZombieVulture, .2
	</csv>

	<csv xpath="/entitygroups/entitygroup[@name='feralHordeStageGS758']/text()" delim="\n" op="remove">
	animalZombieVultureRadiated, .3
	</csv>

	<csv xpath="/entitygroups/entitygroup[@name='feralHordeStageGS802']/text()" delim="\n" op="remove">
	animalZombieVulture, .3
	</csv>

	<csv xpath="/entitygroups/entitygroup[@name='feralHordeStageGS836']/text()" delim="\n" op="remove">
	animalZombieVulture, .3
	</csv>

	<csv xpath="/entitygroups/entitygroup[@name='feralHordeStageGS847']/text()" delim="\n" op="remove">
	animalZombieVultureRadiated, .3
	</csv>

	<csv xpath="/entitygroups/entitygroup[@name='feralHordeStageGS85']/text()" delim="\n" op="remove">
	animalZombieVulture, .24
	</csv>

	<csv xpath="/entitygroups/entitygroup[@name='feralHordeStageGS904']/text()" delim="\n" op="remove">
	animalZombieVultureRadiated, .3
	</csv>

	<csv xpath="/entitygroups/entitygroup[@name='feralHordeStageGS916']/text()" delim="\n" op="remove">
	animalZombieVulture, .3
	</csv>

	<csv xpath="/entitygroups/entitygroup[@name='feralHordeStageGS927']/text()" delim="\n" op="remove">
	animalZombieVulture, .3
	animalZombieVultureRadiated, .3
	</csv>

	<csv xpath="/entitygroups/entitygroup[@name='feralHordeStageGS962']/text()" delim="\n" op="remove">
	animalZombieVultureRadiated, .3
	</csv>

	<csv xpath="/entitygroups/entitygroup[@name='FwanderingHordeStageGS27']/text()" delim="\n" op="remove">
	animalZombieVulture, .114
	</csv>

	<csv xpath="/entitygroups/entitygroup[@name='FwanderingHordeStageGS35']/text()" delim="\n" op="remove">
	animalZombieVulture, .118
	</csv>

	<csv xpath="/entitygroups/entitygroup[@name='FwanderingHordeStageGS54']/text()" delim="\n" op="remove">
	animalZombieVulture, .127
	</csv>

	<csv xpath="/entitygroups/entitygroup[@name='VultureGroup']/text()" delim="\n" op="remove">
	animalZombieVulture
	</csv>

	<csv xpath="/entitygroups/entitygroup[@name='VultureGroup']/text()" delim="\n" op="add">
	zombiePartyGirl
	</csv>

	<csv xpath="/entitygroups/entitygroup[@name='wanderingHordeStageGS31']/text()" delim="\n" op="remove">
	animalZombieVulture, .114
	</csv>

	<csv xpath="/entitygroups/entitygroup[@name='wanderingHordeStageGS41']/text()" delim="\n" op="remove">
	animalZombieVulture, .119
	</csv>

	<csv xpath="/entitygroups/entitygroup[@name='wanderingHordeStageGS70']/text()" delim="\n" op="remove">
	animalZombieVulture, .132
	</csv>

	<csv xpath="/entitygroups/entitygroup[@name='ZombiesWastelandNight2']/text()" delim="\n" op="remove">
	animalZombieVulture, .6
	animalZombieVultureRadiated, .4
	</csv>

	<csv xpath="/entitygroups/entitygroup[@name='ZombiesWastelandNightNoBears']/text()" delim="\n" op="remove">
	animalZombieVulture, .6
	animalZombieVultureRadiated, .4
	</csv>

</CMsRemoveVultures>